eName;isPlanet;semimajorAxis;perihelion;aphelion;eccentricity;inclination;density;gravity;escape;meanRadius;equaRadius;polarRadius;flattening;dimension;sideralOrbit;sideralRotation;discoveryDate;mass_kg;volume;orbit_type;orbits;bondAlbido;geomAlbido;RV_abs;p_transit;transit_visibility;transit_depth;massj;semimajorAxis_AU;grav_int
(308933) 2006 SQ372;FALSO;152000000000;0;0;0;0;1;0;0;33;0;0;0;39x37x25;2.74;0;38987;24000000000000000;NA;Primary;NA;NA;NA;NA;45800000000;825000000000;22500000;12600;##########;##########
1 Ceres;VERDADERO;413690250;382620000;445410000;7582;10593;2161;0.28;510;476.2;487;455;9619;NA;1681.63;44751;01/01/1801;939000000000000000000;4210000000;Primary;NA;NA;0.09;8440000000;16843959943460100;303191278982282;468000000;494000000;##########;728710000000000000
10 Hygiea;FALSO;469345000;0;0;0;0;1;0;0;33;0;0;0;39x37x25;2.74;0;12/04/1849;24000000000000000;NA;Primary;NA;NA;NA;NA;1483716668974840;2670690004154720;22500000;12600;##########;14469919971793.65
101955 Bennu;FALSO;168400000;0;0;0;0;1;0;0;33;0;0;0;39x37x25;2.74;0;36414;24000000000000000;NA;Primary;NA;NA;NA;NA;4135243467933490;7443438242280280;22500000;12600;##########;112400009027256.69
10199 Chariklo;FALSO;2380000000;0;0;0;0;1;0;0;33;0;0;0;39x37x25;2.74;0;35476;24000000000000000;NA;Primary;NA;NA;NA;NA;2930000000000;5266701680672260;22500000;12600;##########;##########
10370 Hylonome;FALSO;3779000000;0;0;0;0;1;0;0;33;0;0;0;39x37x25;2.74;0;34757;24000000000000000;NA;Primary;NA;NA;NA;NA;1840000000000;3316948928287900;22500000;12600;##########;##########
136108 Haumea;VERDADERO;6432011461;2147483647;2147483647;19126;28.19;3;401;809;33;0;498;6102;1960 x 1518 x 996;103774;3.92;38349;4010000000000000000000;2400000000;Primary;NA;NA;0.66;9080000000;1080000000000;19488071618036500;22500000;21100000000;##########;12873000000000000
136199 Eris;VERDADERO;10180000000;2147483647;2147483647;44068;440445;3;0.82;1380;1163;0;0;0;NA;203830;25.92;38357;16600000000000000000000;6590000000;Primary;NA;NA;0.96;303000000000;68500000000;12332945468858800;2790000000;8740000000;##########;21274000000000000
136472 Makemake;VERDADERO;6783345606;2147483647;2147483647;15586;2900685;44652;0.5;800;725;745;715;0.05;NA;112897;0;38442;4400000000000000000000;1700000000;Primary;NA;NA;0.81;966000000;1030000000000;18497076116690400;10800000000;23200000000;##########;12700000000000000
15760 Albion;FALSO;6547379000;0;0;0;0;1;0;0;33;0;0;0;39x37x25;2.74;0;33846;24000000000000000;NA;Primary;NA;NA;NA;NA;1060000000000;1914468369709460;22500000;12600;##########;##########
2 Pallas;FALSO;414717000;0;0;0;0;1;0;0;33;0;0;0;39x37x25;2.74;0;28/03/1802;24000000000000000;NA;Primary;NA;NA;NA;NA;16791571119582700;30224828015248900;22500000;12600;##########;18533047718306.25
20000 Varuna;FALSO;6451398000;0;0;0;0;1;0;0;33;0;0;0;39x37x25;2.74;0;36858;24000000000000000;NA;Primary;NA;NA;NA;NA;1080000000000;1942950969696800;22500000;12600;##########;##########
2060 Chiron;FALSO;2042652000;0;0;0;0;1;0;0;33;0;0;0;39x37x25;2.74;0;28416;24000000000000000;NA;Primary;NA;NA;NA;NA;341000000000;61365078339335300;22500000;12600;##########;##########
21 Lutetia;FALSO;364277000;0;0;0;0;1;0;0;33;0;0;0;39x37x25;2.74;0;12/11/1852;24000000000000000;NA;Primary;NA;NA;NA;NA;19116633770454900;3440994078681880;22500000;12600;##########;##########
216 Kleopatra;FALSO;417796000;0;0;0;0;1;0;0;33;0;0;0;39x37x25;2.74;0;10/04/1880;24000000000000000;NA;Primary;NA;NA;NA;NA;16667823531101300;30002082355982300;22500000;12600;##########;##########
243 Ida;FALSO;428000000;0;0;0;0;1;0;0;33;0;0;0;39x37x25;2.74;0;29/09/1884;24000000000000000;NA;Primary;NA;NA;NA;NA;16270443925233600;2928679906542050;22500000;12600;##########;##########
25143 Itokawa;FALSO;198049628;0;0;0;0;1;0;0;33;0;0;0;39x37x25;2.74;0;36064;24000000000000000;NA;Primary;NA;NA;NA;NA;3516164140434530;6329095452782160;22500000;12600;##########;81264797677167.6
253 Mathilde;FALSO;395900000;0;0;0;0;1;0;0;33;0;0;0;39x37x25;2.74;0;12/11/1885;24000000000000000;NA;Primary;NA;NA;NA;NA;17589669108360600;3166140439504920;22500000;12600;##########;20336654803680.13
2867 ≈ teins;FALSO;353495000;0;0;0;0;1;0;0;33;0;0;0;39x37x25;2.74;0;25511;24000000000000000;NA;Primary;NA;NA;NA;NA;19699712867225800;3545948316100650;22500000;12600;##########;25508444123823.53
28978 Ixion;FALSO;5910896000;0;0;0;0;1;0;0;33;0;0;0;39x37x25;2.74;0;37033;24000000000000000;NA;Primary;NA;NA;NA;NA;1180000000000;21206175848805300;22500000;12600;##########;##########
3 Junon;FALSO;399480000;0;0;0;0;1;0;0;33;0;0;0;39x37x25;2.74;0;12/01/1804;24000000000000000;NA;Primary;NA;NA;NA;NA;17432036647641900;3137766596575540;22500000;12600;##########;19973788093340.81
3753 Cruithne;FALSO;149260000;0;0;0;0;1;0;0;33;0;0;0;39x37x25;2.74;0;31695;24000000000000000;NA;Primary;NA;NA;NA;NA;46655165483049700;8397929786948940;22500000;12600;9977414738697880;143074964186624.1
4 Vesta;FALSO;353343000;0;0;0;0;1;0;0;33;0;0;0;39x37x25;2.74;0;29/03/1807;24000000000000000;NA;Primary;NA;NA;NA;NA;19708187228839900;3547473701191190;22500000;12600;##########;##########
4179 Toutatis;FALSO;377326000;0;0;0;0;1;0;0;33;0;0;0;39x37x25;2.74;0;32512;24000000000000000;NA;Primary;NA;NA;NA;NA;18455526520833400;332199477375002;22500000;12600;##########;22388090667245.28
433 Eros;FALSO;218155000;0;0;0;0;1;0;0;33;0;0;0;39x37x25;2.74;0;13/08/1898;24000000000000000;NA;Primary;NA;NA;NA;NA;31921111136577200;5745800004583890;22500000;12600;##########;##########
45 Eugenia;FALSO;406934000;0;0;0;0;1;0;0;33;0;0;0;39x37x25;2.74;0;27/06/1857;24000000000000000;NA;Primary;NA;NA;NA;NA;17112725896582700;3080290661384890;22500000;12600;##########;19248751493082.68
47171 Lempo;FALSO;5884000000;0;0;0;0;1;0;0;33;0;0;0;39x37x25;2.74;0;36434;24000000000000000;NA;Primary;NA;NA;NA;NA;1180000000000;21303110129163800;22500000;12600;##########;##########
4769 Castalia;FALSO;159053000;0;0;0;0;1;0;0;33;0;0;0;39x37x25;2.74;0;32729;24000000000000000;NA;Primary;NA;NA;NA;NA;4378257561944760;7880863611500560;22500000;12600;##########;125998910661317.75
5 Astraea;FALSO;384877000;0;0;0;0;1;0;0;33;0;0;0;39x37x25;2.74;0;08/12/1845;24000000000000000;NA;Primary;NA;NA;NA;NA;1809344284018010;325681971123242;22500000;12600;##########;##########
50000 Quaoar;FALSO;6489054000;0;0;0;0;1;0;0;33;0;0;0;39x37x25;2.74;0;37411;24000000000000000;NA;Primary;NA;NA;NA;NA;1070000000000;19316760193396400;22500000;12600;##########;##########
5145 Pholus;FALSO;3055227000;0;0;0;0;1;0;0;33;0;0;0;39x37x25;2.74;0;33612;24000000000000000;NA;Primary;NA;NA;NA;NA;2280000000000;4102722972793830;22500000;12600;##########;##########
5261 Eureka;FALSO;227908000;0;0;0;0;1;0;0;33;0;0;0;39x37x25;2.74;0;33044;24000000000000000;NA;Primary;NA;NA;NA;NA;30555092405707500;5499916633027360;22500000;12600;##########;61366503696464.04
5335 Damocles;FALSO;8368303000;0;0;0;0;1;0;0;33;0;0;0;39x37x25;2.74;0;33287;24000000000000000;NA;Primary;NA;NA;NA;NA;8320000000;14978843380790500;22500000;12600;##########;##########
588 Achilles;FALSO;776669000;0;0;0;0;1;0;0;33;0;0;0;39x37x25;2.74;0;2245;24000000000000000;NA;Primary;NA;NA;NA;NA;897000000000;16139114603518300;22500000;12600;##########;##########
6 Hebe;FALSO;362959000;0;0;0;0;1;0;0;33;0;0;0;39x37x25;2.74;0;01/07/1847;24000000000000000;NA;Primary;NA;NA;NA;NA;19186051317090900;3453489237076360;22500000;12600;##########;24195543442489.51
624 Hektor;FALSO;781183000;0;0;0;0;1;0;0;33;0;0;0;39x37x25;2.74;0;2598;24000000000000000;NA;Primary;NA;NA;NA;NA;891000000000;16045856092618500;22500000;12600;##########;##########
7 Iris;FALSO;357019000;0;0;0;0;1;0;0;33;0;0;0;39x37x25;2.74;0;13/08/1847;24000000000000000;NA;Primary;NA;NA;NA;NA;19505264425702800;351094759662651;22500000;12600;##########;25007360913888.58
7066 Nessus;FALSO;3689000000;0;0;0;0;1;0;0;33;0;0;0;39x37x25;2.74;0;34085;24000000000000000;NA;Primary;NA;NA;NA;NA;1890000000000;3397872052046620;22500000;12600;##########;##########
762 Pulcova;FALSO;472579673;0;0;0;0;1;0;0;33;0;0;0;39x37x25;2.74;0;4995;24000000000000000;NA;Primary;NA;NA;NA;NA;14735610517890300;265240989322027;22500000;12600;##########;14272512943504.1
8 Flora;FALSO;329313000;0;0;0;0;1;0;0;33;0;0;0;39x37x25;2.74;0;18/10/1847;24000000000000000;NA;Primary;NA;NA;NA;NA;21146295469659500;3806333184538720;22500000;12600;##########;##########
8405 Asbolus;FALSO;2694000000;0;0;0;0;1;0;0;33;0;0;0;39x37x25;2.74;0;34786;24000000000000000;NA;Primary;NA;NA;NA;NA;2580000000000;4652839643652560;22500000;12600;##########;##########
87 Sylvia;FALSO;522135000;0;0;0;0;1;0;0;33;0;0;0;39x37x25;2.74;0;16/05/1866;24000000000000000;NA;Primary;NA;NA;NA;NA;13337067999655200;2400672239937940;22500000;12600;##########;##########
9 Metis;FALSO;357052000;0;0;0;0;1;0;0;33;0;0;0;39x37x25;2.74;0;25/04/1848;24000000000000000;NA;Primary;NA;NA;NA;NA;19503461680651500;351062310251728;22500000;12600;##########;25002738591233.98
90377 Sedna;FALSO;75660000000;0;0;0;0;1;0;0;33;0;0;0;39x37x25;2.74;0;37939;24000000000000000;NA;Primary;NA;NA;NA;NA;9200000000;1656725892769690;22500000;12600;##########;##########
90482 Orcus;FALSO;5862440000;0;0;0;0;1;0;0;33;0;0;0;39x37x25;2.74;0;38034;24000000000000000;NA;Primary;NA;NA;NA;NA;1190000000000;2138145550316930;22500000;12600;##########;##########
951 Gaspra;FALSO;330513000;0;0;0;0;1;0;0;33;0;0;0;39x37x25;2.74;0;6056;24000000000000000;NA;Primary;NA;NA;NA;NA;2106951920196780;3792513456354210;22500000;12600;##########;##########
Adrastea;FALSO;129000;0;0;2;54;1;2;0;8;0;0;0;10 x 8 x 7;29826;7158;29044;2000000000000000;NA;Secondary;Jupiter;NA;NA;NA;##########;##########;132000;10500;862000000000;16000000000000000000
Aegaeon;FALSO;167500;0;0;0;1;1;0;0;0.5;0;0;0;NA;808;19.63;39675;100000000000;NA;Secondary;Saturn;NA;NA;NA;##########;##########;516;1;11196683429799600;473379728224548.9
Aegir;FALSO;20749800;0;0;252;166.7;1;0;0;3;0;0;0;NA;1116.5;0;38333;150000000000000;NA;Secondary;Saturn;NA;NA;NA;33559118642107300;##########;186000;79;1387038458696450;46270341801680.69
Aitne;FALSO;23315000;0;0;264;165.1;1;12;0;44682;0;0;0;NA;730.2;0;37244;45000000000000;NA;Secondary;Jupiter;NA;NA;NA;29866759596826000;##########;46400;237;1558511487556880;##########
Albiorix;FALSO;16401100;0;0;469;34;1;0;0;13;0;0;0;NA;783.5;13.32;36839;22300000000000000;NA;Secondary;Saturn;NA;NA;NA;42457822950899600;##########;3490000;117000;10963458185103700;11010000000000000
Alexhelios;FALSO;775;0;0;0;0;1;0;0;33;0;0;0;39x37x25;2.74;0;39709;24000000000000000;NA;Secondary;216 Kleopatra;NA;NA;NA;##########;##########;22500000;12600;5180000000;5310000000000000000000000
Amalthea;FALSO;181400;181150;182840;3;0.38;44564;0.02;0;84;0;0;0;125 x 73 x 64;49818;119563;09/09/1892;7500000000000000000;NA;Secondary;Jupiter;NA;NA;NA;##########;##########;146000000;3950000;1212584103979490;30300000000000000000000
Ananke;FALSO;21276000;0;0;244;148.9;1;0.01;0;10;0;0;0;NA;629.8;0;18899;40000000000000000;NA;Secondary;Jupiter;NA;NA;NA;32729460424891800;##########;2060000;211000;14222127561338300;11736000000000000
Anthe;FALSO;197700;0;0;1;0.1;1;0;0;1;0;0;0;NA;44652;0;39232;5000000000000;NA;Secondary;Saturn;NA;NA;NA;##########;##########;2060;3;13215428740724700;16990000000000000
Aoede;FALSO;23969000;0;0;432;158.3;1;0;0;2;0;0;0;NA;761.5;0;2003;90000000000000;NA;Secondary;Jupiter;NA;NA;NA;2905185865075720;##########;8250;474;16022286873365200;20805682049704.01
Arche;FALSO;23355000;0;0;259;165;1;12;0;44682;0;0;0;NA;762.7;0;37560;41500000000000;NA;Secondary;Jupiter;NA;NA;NA;29815606936416100;##########;46400;218;15611853224057900;##########
Ariel;FALSO;190900;190670;191130;12;0.04;2;0;0;581.1;0;0;0;NA;252038;604891;24/10/1851;1290000000000000000000;NA;Secondary;Uranus;NA;NA;NA;##########;##########;696000000;679000000;12760876816410400;4700000000000000000000000
Atlas;FALSO;137670;0;0;0;0.3;1;0;0;33;0;0;0;42x36x18;602;0;29537;7000000000000000;NA;Secondary;Saturn;NA;NA;NA;##########;##########;22500000;36800;92000000000;49100000000000000000
Autonoe;FALSO;24033000;0;0;334;152.9;1;15;0;2;0;0;0;NA;715.4;0;37235;90000000000000;NA;Secondary;Jupiter;NA;NA;NA;28974493404901500;##########;8250;474;16065068230947700;##########
Bebhionn;FALSO;17117800;0;0;469;35;1;0;0;3;0;0;0;NA;834.8;0;38333;150000000000000;NA;Secondary;Saturn;NA;NA;NA;4067958499339860;##########;186000;79;11442542544156600;67988372002407.68
Belinda;FALSO;75300;0;0;0;0.03;1;0;0;45;0;0;0;NA;62353;0;31425;490000000000000000;NA;Secondary;Uranus;NA;NA;NA;##########;##########;4180000;2580000;50300000000;11500000000000000000000
Bergelmir;FALSO;19338300;0;0;142;158.5;1;0;0;3;0;0;0;NA;1005.9;0;38333;150000000000000;NA;Secondary;Saturn;NA;NA;NA;36008594343866800;##########;186000;79;12926855114656300;53271380475388.57
Bestla;FALSO;20278000;0;0;521;145.2;1;0;0;3;0;0;0;NA;1083.6;0;38334;230000000000000;NA;Secondary;Saturn;NA;NA;NA;3433992504191730;##########;186000;1210;13555005766535900;74287693981947.61
Bianca;FALSO;59200;0;0;0;0.19;1;0;0;27;0;0;0;NA;43458;0;31435;92000000000000000;NA;Secondary;Uranus;NA;NA;NA;##########;##########;15000000;484000;39600000000;3490000000000000000000
Caliban;FALSO;7231100;0;0;1812;141.53;1;0;0;36;0;0;0;NA;-579.5;0;35679;250000000000000000;NA;Secondary;Uranus;NA;NA;NA;9630319038597170;##########;26700000;1320000;4833691793983530;635000000000000000
Callirrhoe;FALSO;24102000;0;0;283;147.1;1;31;0;4;0;0;0;NA;758.8;0;36439;870000000000000;NA;Secondary;Jupiter;NA;NA;NA;2889162725085050;##########;33000;458;16111191882091400;198908053353118.12
Callisto;FALSO;1882700;0;0;7;192;1.83;1235;0;186335;0;0;0;NA;1668902;400536;07/01/1610;1080000000000000000000000000000000000000;NA;Secondary;Jupiter;NA;NA;NA;3711437297498270;##########;120000000000;56800000000;12585072175094800;4050000000000000000000000
Calypso;FALSO;294710;0;0;1;1473;1;0;0;33;0;0;0;31x24x21;1.89;0;29293;6500000000000000;NA;Secondary;Saturn;NA;NA;NA;##########;##########;22500000;34200;19700146708037300;9940000000000000000
Carme;FALSO;23404000;0;0;253;164.9;1;17;0;15;0;0;0;NA;734.2;0;14091;100000000000000000;NA;Secondary;Jupiter;NA;NA;NA;2975376004101860;##########;4640000;52600;15644607700957000;24247000000000000
Carpo;FALSO;17078000;0;0;0.43;51.4;1;0;0;3;0;0;0;NA;456.1;0;2003;45000000000000;NA;Secondary;Jupiter;NA;NA;NA;40774388101651200;##########;186000;237;11415937887410000;##########
Chaldene;FALSO;23179000;0;0;251;165.2;1;0;0;44805;0;0;0;NA;723.8;0;36853;75000000000000;NA;Secondary;Jupiter;NA;NA;NA;30042016480434800;##########;7440;395;15494204490706000;##########
Charon;FALSO;17536;0;0;0;0;1;0;0;33;0;0;0;39x37x25;2.74;0;28593;24000000000000000;NA;Secondary;Pluto;NA;NA;NA;##########;##########;22500000;12600;1170000000000;10400000000000000000000
Cleoselene;FALSO;380;0;0;0;0;1;0;0;33;0;0;0;39x37x25;2.74;0;39709;24000000000000000;NA;Secondary;216 Kleopatra;NA;NA;NA;##########;##########;22500000;12600;25400000000;22100000000000000000000000
Comet Hyakutake;FALSO;0;0;0;0;0;1;0;0;33;0;0;0;39x37x25;2.74;0;35094;24000000000000000;NA;Primary;NA;NA;NA;NA;Inf;Inf;22500000;12600;0;Inf
Cordelia;FALSO;49800;0;0;0;0.08;1;0;0;20;0;0;0;NA;33503;0;31432;45000000000000000;NA;Secondary;Uranus;NA;NA;NA;##########;##########;825000;237000;333000000000;2410000000000000000000
Cressida;FALSO;61800;0;0;0;0.01;1;0;0;41;0;0;0;NA;46357;0;31421;340000000000000000;NA;Secondary;Uranus;NA;NA;NA;##########;46813;34700000;1790000;4130000000;11800000000000000000000
Cupid;FALSO;74392;0;0;0;0.1;1;0;0;9;0;0;0;NA;613;0;37858;3800000000000000;NA;Secondary;Uranus;NA;NA;NA;##########;##########;1670000;0;497000000000;91200000000000000000
Cyllene;FALSO;23787000;0;0;319;149.3;1;0;0;1;0;0;0;NA;737.8;0;2003;15000000000000;NA;Secondary;Jupiter;NA;NA;NA;29274099297935800;##########;2060;8;15900627387739900;##########
Daphnis;FALSO;136500;0;0;0;0;0;0;0;33;0;0;0;9x8x6;594;0;39934;100000000000000;NA;Secondary;Saturn;NA;NA;NA;##########;##########;22500000;53;912000000000;713000000000000000
Deimos;FALSO;23458;23456;23471;0;1075;2;3;5556;33;44780;44566;0;15.0 x 12 x 10.4;126244;3029856;12/08/1877;2400000000000000;2957583;Secondary;Mars;NA;NA;NA;##########;##########;22500000;1260;1570000000000;579000000000000000000
Desdemona;FALSO;62700;0;0;0;0.11;1;0;0;35;0;0;0;NA;47365;0;31425;180000000000000000;NA;Secondary;Uranus;NA;NA;NA;##########;##########;25300000;94700;4190000000000;6080000000000000000000
Despina;FALSO;52526;0;0;0;0.07;1;23;0;33;0;0;0;90 x 74 x 64;33466;0;32717;2000000000000000000;NA;Secondary;Neptune;NA;NA;NA;##########;##########;22500000;10500000;351000000000;96300000000000000000000
Dia;FALSO;12555000;0;0;211;28.23;1;0;0;2;0;0;0;NA;287;0;36887;90000000000000;NA;Secondary;Jupiter;NA;NA;NA;5546348068498600;##########;8250;474;8392499132008030;75831274292753.45
Dione;FALSO;377415;376580;378260;22;0.02;1;0;0;1123.4;0;0;0;NA;2.74;0;21/03/1684;1100000000000000000000;NA;Secondary;Saturn;NA;NA;NA;##########;##########;26000000000;579000000;25228634487509400;1030000000000000000000000
Dysnomia;FALSO;30000;0;0;0;0;1;0;0;33;0;0;0;39x37x25;2.74;0;??/09/2005;24000000000000000;NA;Secondary;136199 Eris;NA;NA;NA;232125;4178.25;22500000;12600;201000000000;3540000000000000000000
Earth;VERDADERO;149598262;147095000;152100000;167;0;55136;10;11190;63710084;63781366;1627735;335;NA;365256;239345;NA;5970000000000000000000000;1080000000000;Primary;NA;306;367;8935452898655720;4697334039883430;8455201271790170;83700000000;3142105263157890;##########;35400000000000000000000
Eirene;FALSO;23493000;0;0;0.22;163.1;1;0;0;2;0;0;0;NA;759.7;0;2003;90000000000000;NA;Secondary;Jupiter;NA;NA;NA;29640488656195400;##########;8250;474;1570410052634520;21657325846979.97
Elara;FALSO;11741000;0;0;217;26.63;1;31;0;40;0;0;0;NA;2596528;0;1829;800000000000000000;NA;Secondary;Jupiter;NA;NA;NA;593119836470488;##########;3300000;4210000;7848373740255380;770760000000000000
Enceladus;FALSO;238037;236830;239066;45;0;2;0;0;504.2;0;0;0;NA;1.37;32.88;28/08/1789;108000000000000000000;NA;Secondary;Saturn;NA;NA;NA;##########;##########;524000000;568000000;1591179064823410;253000000000000000000000
Epimetheus;FALSO;151410;0;0;9;0.34;1;0;0;113.4;0;0;0;116x117x106;0.69;0;24459;530000000000000000;NA;Secondary;Saturn;NA;NA;NA;##########;##########;265000000;279000;10121133361826600;3070000000000000000000
Erinome;FALSO;23283000;0;0;266;164.9;1;0;0;44713;0;0;0;NA;728.3;0;36853;45000000000000;NA;Secondary;Jupiter;NA;NA;NA;2990781256710900;##########;5280;237;15563724196777600;##########
Erriapus;FALSO;17611400;0;0;474;34.6;1;0;0;4;0;0;0;NA;871.2;0;36792;680000000000000;NA;Secondary;Saturn;NA;NA;NA;3953950282203570;##########;33000;3580;11772493764511800;291179254091110.7
Ersa;FALSO;11483000;0;0;94;44742;1;0;0;44682;0;0;0;NA;252;0;43298;24000000000000000;NA;Secondary;Jupiter;NA;NA;NA;6064125228598790;##########;46400;12600;7675911392500850;24174000000000000
Euanthe;FALSO;21038000;0;0;232;148.9;1;12;0;44682;0;0;0;NA;620.6;0;37236;45000000000000;NA;Secondary;Jupiter;NA;NA;NA;3309932027759290;##########;46400;237;14063034387828300;13503392486830.54
Eukelade;FALSO;23322000;0;0;272;165.5;1;0;0;4;0;0;0;NA;746.4;0;2003;90000000000000;NA;Secondary;Jupiter;NA;NA;NA;29857902409741800;##########;33000;474;1558979408655440;##########
Eupheme;FALSO;20230000;0;0;253;148;1;0;0;1;0;0;0;NA;504;0;2003;15000000000000;NA;Secondary;Jupiter;NA;NA;NA;3442130499258520;##########;2060;8;13522919748349000;##########
Euporie;FALSO;19339000;0;0;144;145.8;1;0;0;1;0;0;0;NA;553.1;0;37236;15000000000000;NA;Secondary;Jupiter;NA;NA;NA;3600718754847710;##########;2060;8;12927323035754900;5326752409279.86
Europa;FALSO;671100;0;0;9;466;44564;1;0;1560.8;0;0;0;NA;355118;852293;08/01/1610;48000000000000000000000;NA;Secondary;Jupiter;NA;NA;NA;##########;##########;5020000000;25300000000;4486026417754350;14200000000000000000000000
Eurydome;FALSO;23148000;0;0;276;150.3;1;12;0;44682;0;0;0;NA;723.9;0;37244;45000000000000;NA;Secondary;Jupiter;NA;NA;NA;3008223172628300;##########;46400;237;15473482270626900;##########
Farbauti;FALSO;20387000;0;0;206;156.4;1;0;0;3;0;0;0;NA;1086.1;0;38333;90000000000000;NA;Secondary;Saturn;NA;NA;NA;3415632510913810;##########;186000;474;1362786776616860;##########
Fenrir;FALSO;22454800;0;0;136;164.9;1;0;0;2;0;0;0;NA;1260.3;0;38334;50000000000000;NA;Secondary;Saturn;NA;NA;NA;31010919714270400;##########;8250;26;1501010669131130;##########
Ferdinand;FALSO;20430000;0;0;3993;169.79;1;0;0;10;0;0;0;NA;-2823.4;0;37116;5400000000000000;NA;Secondary;Uranus;NA;NA;NA;3408477728830150;##########;2060000;28400;13656611490794400;1718300000000000
Fornjot;FALSO;25151200;0;0;206;170.4;1;0;0;3;0;0;0;NA;1490.9;0;38333;150000000000000;NA;Secondary;Saturn;NA;NA;NA;276863529374344;##########;186000;79;16812538762959800;##########
Francisco;FALSO;4282900;0;0;1324;147.25;1;0;0;11;0;0;0;NA;-266.6;0;37116;7200000000000000;NA;Secondary;Uranus;NA;NA;NA;1625891335310180;##########;2500000;3790;28629418185963500;52131000000000000
Galatea;FALSO;61953;0;0;0;0.05;1;0;0;33;0;0;0;102 x 92 x 72;42875;0;32717;2000000000000000000;NA;Secondary;Neptune;NA;NA;NA;##########;##########;22500000;10500000;4140000000000;69200000000000000000000
Ganymede;FALSO;1070400;0;0;1;177;2;1428;0;267025;0;0;0;NA;715455;1717093;11/01/1610;1480000000000000000000000000000000000000;NA;Secondary;Jupiter;NA;NA;NA;6530018684603880;##########;143000000000;77900000000;7155182055676140;17200000000000000000000000
Greip;FALSO;18442200;0;0;326;179.8;1;0;0;3;0;0;0;NA;921.2;0;38722;150000000000000;NA;Secondary;Saturn;NA;NA;NA;3775823925562020;##########;186000;79;12327849262629900;58574026961600.72
Halimede;FALSO;16611000;0;0;571;134.1;1;0.01;0;30;0;0;0;NA;1879.7;0;37482;200000000000000000;NA;Secondary;Neptune;NA;NA;NA;4192234061766290;##########;18600000;1050000;11103767668800100;96267000000000000
Halley's Comet;FALSO;2677801885;0;0;0;0;1;0;0;33;0;0;0;39x37x25;2.74;0;NA;24000000000000000;NA;Primary;NA;NA;NA;NA;260000000000;46809848294658200;22500000;12600;##########;##########
Harpalyke;FALSO;21104000;0;0;226;148.6;1;0;0;44594;0;0;0;NA;623.3;0;36853;120000000000000;NA;Secondary;Jupiter;NA;NA;NA;3299583965125090;##########;9980;6;1410715266283530;35784171647714.83
Hati;FALSO;19775000;0;0;372;165.8;1;0;0;3;0;0;0;NA;1038.7;0;38333;150000000000000;NA;Secondary;Saturn;NA;NA;NA;352134007585335;##########;186000;79;13218771034285800;50944529240939.06
Hegemone;FALSO;23566000;0;0;328;155.2;1;0;0;2;0;0;0;NA;739.6;0;2003;45000000000000;NA;Secondary;Jupiter;NA;NA;NA;29548671815327100;##########;8250;237;1575289801233780;##########
Helene;FALSO;377420;0;0;5;0;44621;0;0;33;0;0;0;39x37x25;2.74;0;29281;24000000000000000;NA;Secondary;Saturn;NA;NA;NA;##########;##########;22500000;12600;2522896871686550;22400000000000000000
Helike;FALSO;21064000;0;0;156;154.8;1;0;0;4;0;0;0;NA;634.8;0;2003;90000000000000;NA;Secondary;Jupiter;NA;NA;NA;3305858336498290;##########;33000;474;14080414314346200;##########
Hermippe;FALSO;21300000;0;0;0.21;150.7;1;15;0;2;0;0;0;NA;633.9;0;37244;90000000000000;NA;Secondary;Jupiter;NA;NA;NA;3269220657276990;##########;8250;474;1423817057043170;##########
Herse;FALSO;23405000;0;0;0.2;164.2;1;0;0;2;0;0;0;NA;717.3;0;2003;15000000000000;NA;Secondary;Jupiter;NA;NA;NA;29751933347575300;##########;8250;8;15645276159669200;##########
Hi ªiaka;FALSO;49500;0;0;0;0;1;0;0;33;0;0;0;39x37x25;2.74;0;38378;24000000000000000;NA;Secondary;136108 Haumea;NA;NA;NA;##########;##########;22500000;12600;331000000000;1300000000000000000000
Himalia;FALSO;11461000;9782900;13082000;162;44708;1;62;0;85;0;0;0;NA;2505662;77808;1799;9500000000000000000;NA;Secondary;Jupiter;NA;NA;NA;60764941977139800;##########;14900000;0;7661205300831860;9610000000000000000
Hippocamp;FALSO;105200;0;0;0;0;1;0;0;17;0;0;0;NA;0.95;0;41456;30000000000000000;NA;Secondary;Neptune;NA;NA;NA;##########;##########;59600;158000;703000000000;360000000000000000000
Hydra;FALSO;64749;0;0;0;0;1;0;0;33;0;0;0;39x37x25;2.74;0;38487;24000000000000000;NA;Secondary;Pluto;NA;NA;NA;##########;##########;22500000;12600;4330000000000;760000000000000000000
Hyperion;FALSO;1500934;1466112;1535756;1042;0.43;1;0;0;266;0;0;0;328x260x214;21.28;0;16/09/1848;5600000000000000000;NA;Secondary;Saturn;NA;NA;NA;46411634355674500;##########;1460000000;29500000;10033124087774800;330000000000000000000
Hyrrokkin;FALSO;18437300;0;0;333;151.4;1;0;0;4;0;0;0;NA;931.8;0;38333;350000000000000;NA;Secondary;Saturn;NA;NA;NA;3776832833440900;##########;33000;1840;12324573814940000;136745385048970.97
Iapetus;FALSO;3560851;3460068;3661612;283;14.72;44805;0;0;1471.2;0;0;0;NA;79.33;1735.92;25/10/1671;1810000000000000000000;NA;Secondary;Saturn;NA;NA;NA;19596809863709500;##########;4460000000;953000000;2380281873891670;19000000000000000000000
Ijiraq;FALSO;11367400;0;0;316;49.1;1;0;0;5;0;0;0;NA;451.4;0;36792;1180000000000000;NA;Secondary;Saturn;NA;NA;NA;6125824726850460;##########;51600;621;7598637565367430;1212827403880459.5
Io;FALSO;421800;0;0;4;36;4;1.79;0;1821.5;0;0;0;NA;176914;424593;07/01/1610;89300000000000000000000;NA;Secondary;Jupiter;NA;NA;NA;##########;##########;68400000000;4.7e-5;28195588481728300;66700000000000000000000000
Iocaste;FALSO;21272000;0;0;216;149.4;1;0;0;44714;0;0;0;NA;631.5;0;36853;190000000000000;NA;Secondary;Jupiter;NA;NA;NA;3273526701767580;##########;13900;100;1421945372648940;55766865029834.03
Isonoe;FALSO;23231000;0;0;246;165.2;1;0;0;44805;0;0;0;NA;725.5;0;36853;75000000000000;NA;Secondary;Jupiter;NA;NA;NA;2997477078042270;##########;7440;395;15528964343741800;##########
Janus;FALSO;151460;0;0;7;0.14;1;0;0;33;0;0;0;195x194x152;0.7;0;24456;1900000000000000000;NA;Secondary;Saturn;NA;NA;NA;##########;##########;22500000;1000000;10124475655387700;11000000000000000000000
Jarnsaxa;FALSO;19356400;0;0;216;163.3;1;0;0;3;0;0;0;NA;964.7;0;38722;100000000000000;NA;Secondary;Saturn;NA;NA;NA;3597492302287610;##########;186000;53;12938954217347600;35447866569085.87
Juliet;FALSO;64400;0;0;0;0.07;1;0;0;53;0;0;0;NA;49307;0;31415;560000000000000000;NA;Secondary;Uranus;NA;NA;NA;##########;##########;57900000;2950000;430000000000;17900000000000000000000
Jupiter;VERDADERO;778340821;740379835;816620000;489;1304;13262;24.79;60200;69911;71492;66854;6487;NA;4332589;9925;NA;1900000000000000000000000000;1430000000000000;Primary;NA;503;538;##########;984000000000;17720455651136900;10079659175537100;1;##########;417000000000000000000000
Kale;FALSO;23302000;0;0;0.26;165;1;0;0;1;0;0;0;NA;729.5;0;37244;15000000000000;NA;Secondary;Jupiter;NA;NA;NA;2988340056647490;##########;2060;8;15576424912309900;##########
Kallichore;FALSO;23273000;0;0;264;165.5;1;0;0;2;0;0;0;NA;764.7;0;2003;15000000000000;NA;Secondary;Jupiter;NA;NA;NA;2992068061702400;##########;8250;8;15557039609655300;##########
Kalyke;FALSO;23564000;0;0;245;165.2;1;0;0;44714;0;0;0;NA;743;0;36853;190000000000000;NA;Secondary;Jupiter;NA;NA;NA;2955120522831430;##########;13900;100;15751561094913300;##########
Kari;FALSO;22077100;0;0;478;156.3;1;0;0;3;0;0;0;NA;1233.6;0;38333;230000000000000;NA;Secondary;Saturn;NA;NA;NA;3154150681022410;##########;186000;1210;1475762983570320;62673372510071.38
Kerberos;FALSO;59000;0;0;0;0;1;0;0;33;0;0;0;39x37x25;2.74;0;40744;24000000000000000;NA;Secondary;Pluto;NA;NA;NA;##########;##########;22500000;12600;394000000000;916000000000000000000
Kiviuq;FALSO;11311100;0;0;334;48.7;1;0;0;7;0;0;0;NA;449.2;0;36745;2790000000000000;NA;Secondary;Saturn;NA;NA;NA;6156333159462820;##########;1010000;1470;7561003339869060;2896200000000000
Kore;FALSO;24486000;0;0;325;145;1;0;0;1;0;0;0;NA;779.2;0;2003;15000000000000;NA;Secondary;Jupiter;NA;NA;NA;2843841378747030;##########;2060;8;16367880027586500;##########
Laomedeia;FALSO;23567000;0;0;424;34.7;1;0.01;0;20;0;0;0;NA;463007;0;37481;100000000000000000;NA;Secondary;Neptune;NA;NA;NA;29548181779607000;##########;825000;52600;15753566471050000;23913000000000000
Larissa;FALSO;73548;0;0;14;0.2;1;34;0;33;0;0;0;108 x 102 x 84;55465;0;29730;5000000000000000000;NA;Secondary;Neptune;NA;NA;NA;##########;##########;22500000;2630000;492000000000;123000000000000000000000
Leda;FALSO;11165000;0;0;164;27.46;1;73;0;5;0;0;0;NA;240.92;0;27283;600000000000000000;NA;Secondary;Jupiter;NA;NA;NA;62368741603224300;##########;51600;316000;746334152201272;639250000000000000
Loge;FALSO;23065500;0;0;335;173.1;1;0;0;3;0;0;0;NA;1312;0;38334;150000000000000;NA;Secondary;Saturn;NA;NA;NA;30189893997528700;##########;186000;79;15418334426868200;37445944643337.65
Lysithea;FALSO;11717000;0;0;112;44648;1;13;0;12;0;0;0;NA;259.22;0;14067;80000000000000000;NA;Secondary;Jupiter;NA;NA;NA;5943108304173420;##########;2970000;42100;7832330731161930;77392000000000000
Mab;FALSO;97736;0;0;0;0.13;1;0;0;12;0;0;0;NA;923;0;37858;10000000000000000;NA;Secondary;Uranus;NA;NA;NA;##########;##########;2970000;52600;653000000000;139000000000000000000
Margaret;FALSO;23808000;0;0;6772;57.37;1;0;0;10;0;0;0;NA;1694.8;0;37862;5400000000000000;NA;Secondary;Uranus;NA;NA;NA;29248655913978400;##########;2060000;28400;15914665020696700;1265281653429045.2
Mars;VERDADERO;227943824;206700000;249200000;935;1.85;39341;3.71;5030;543969;3396.19;539131;589;NA;686.98;246229;NA;642000000000000000000000;163000000000;Primary;NA;0.25;0.17;7784519549393160;30697541513561600;5525557472441100;23700000000;338000000000;##########;1640000000000000000000
Megaclite;FALSO;14146700;0;0;421;152.8;1;0;0;44744;0;0;0;NA;752.8;0;36853;210000000000000;NA;Secondary;Jupiter;NA;NA;NA;4922311917266920;##########;15000;1110;9456484864259500;139363256461461.95
Mercury;VERDADERO;57909227;46001200;69816900;2056;7;54291;44745;4250;196958;2440.53;197049;0;NA;87969;1407.6;NA;330000000000000000000000;60830000000;Primary;NA;88;142;793862161040997;12066840401789500;##########;123000000000;174000000000;3870992730647200;13100000000000000000000
Methone;FALSO;194440;194421;194459;0;0;1;0;0;44713;0;0;0;NA;44562;0;38139;20000000000000;NA;Secondary;Saturn;NA;NA;NA;##########;##########;5280;105;12997511200538700;70258000000000000
Metis;FALSO;128000;127974;128026;1;19;1;5;0;22;0;0;0;30 x 20 x 17;29478;7075;28918;100000000000000000;NA;Secondary;Jupiter;NA;NA;NA;544034375;979261875;998000;52600;856000000000;811000000000000000000
Mimas;FALSO;185539;181770;189270;202;1.53;1;0;0;396.4;0;0;0;415x394x381;0.94;22.56;17/09/1789;37900000000000000000;NA;Secondary;Saturn;NA;NA;NA;##########;##########;324000000;19900000;12402516100785600;146000000000000000000000
Miranda;FALSO;129900;129703;130041;13;4.34;44593;0;0;240;0;0;0;NA;141348;339235;17579;66000000000000000000;NA;Secondary;Uranus;NA;NA;NA;##########;##########;1190000000;34700000;868000000000;519000000000000000000000
Mneme;FALSO;21036000;0;0;227;148.6;1;0;0;2;0;0;0;NA;620;0;2003;15000000000000;NA;Secondary;Jupiter;NA;NA;NA;3310249096786460;##########;8250;8;14061697470403900;##########
Moon;FALSO;384400;363300;405500;549;5145;3344;1.62;2380;33;1738.1;1736;12;NA;273217;655728;NA;73500000000000000000000;21968000000;Secondary;Earth;NA;NA;NA;##########;##########;22500000;387000000000;25695552897999900;66100000000000000000000000
Mundilfari;FALSO;18667900;0;0;0.21;169.4;1;0;0;3;0;0;0;NA;952.6;0;36792;230000000000000;NA;Secondary;Saturn;NA;NA;NA;3730173184985990;##########;186000;1210;12478720393979500;87654896878424.11
Naiad;FALSO;48227;0;0;0;4.74;1;0.01;0;33;0;0;0;48 x 30 x 26;2944;0;32769;200000000000000000;NA;Secondary;Neptune;NA;NA;NA;##########;##########;22500000;1050000;3220000000000;11400000000000000000000
Namaka;FALSO;39300;0;0;0;0;1;0;0;33;0;0;0;39x37x25;2.74;0;38533;24000000000000000;NA;Secondary;136108 Haumea;NA;NA;NA;##########;##########;22500000;12600;263000000000;2060000000000000000000
Narvi;FALSO;19417300;0;0;431;145.8;1;0;0;3;0;0;0;NA;1003.9;0;37657;230000000000000;NA;Secondary;Saturn;NA;NA;NA;3586209205193300;##########;186000;1210;1297966335292230;81019476666391.97
Neptune;VERDADERO;4498396441;2147483647;2147483647;113;1769;1638;11.15;23560;24622;24764;24341;1708;NA;60189;44881;23/09/1846;102000000000000000000000000;62500000000000;Primary;NA;0.29;442;27858249283654300;160000000000;2884884018162500;12502632704753900;5368421052631570;##########;669000000000000000000
Nereid;FALSO;5513818;1372000;9655000;7512;7.23;1;71;0;170;0;0;0;NA;36013619;0;18019;30000000000000000000;NA;Secondary;Neptune;NA;NA;NA;12632118071361800;##########;5960000;158000000;3685759679733190;131000000000000000000
Neso;FALSO;49285000;0;0;495;132.6;1;0;0;30;0;0;0;NA;9374;0;37482;100000000000000000;NA;Secondary;Neptune;NA;NA;NA;14129491731764200;##########;18600000;52600;32944987632100000;5467800000000000
Nix;FALSO;48708;0;0;0;0;1;0;0;33;0;0;0;39x37x25;2.74;0;38487;24000000000000000;NA;Secondary;Pluto;NA;NA;NA;##########;##########;22500000;12600;326000000000;1340000000000000000000
Oberon;FALSO;583500;582702;584336;14;0.07;1.56;0;0;761.4;0;0;0;NA;1346323;3231176;11/01/1787;2880000000000000000000;NA;Secondary;Uranus;NA;NA;NA;##########;##########;12000000000;15200000000;39004565858436300;1120000000000000000000000
Ophelia;FALSO;53800;0;0;99;0.1;1;0;0;21;0;0;0;NA;3764;0;31432;54000000000000000;NA;Secondary;Uranus;NA;NA;NA;##########;##########;909000;284000;360000000000;2480000000000000000000
Orthosie;FALSO;21164000;0;0;281;145.9;1;8.1e-4;0;1;0;0;0;NA;622.6;0;37236;15000000000000;NA;Secondary;Jupiter;NA;NA;NA;3290223965223960;##########;2060;8;14147260185568900;##########
Paaliaq;FALSO;15024000;6908035;23139965;364;47.2;1;0;0;10;0;0;0;NA;686.9;0;36745;7250000000000000;NA;Secondary;Saturn;NA;NA;NA;463493077742279;##########;2060000;38200;10042923692496100;4265900000000000
Pallene;FALSO;212280;0;0;0;0;1;0;0;33;0;0;0;5x4x4;1.14;0;38139;60000000000000;NA;Secondary;Saturn;NA;NA;NA;##########;##########;22500000;32;14190041543151400;176840000000000000
Pan;FALSO;133580;0;0;0;0;0;0;0;33;0;0;0;35x32x21;575;0;29820;4950000000000000;NA;Secondary;Saturn;NA;NA;NA;##########;##########;22500000;26100;89300000000;36800000000000000000
Pandia;FALSO;11525000;0;0;0.18;44620;1;0;0;44682;0;0;0;NA;252;0;43298;24000000000000000;NA;Secondary;Jupiter;NA;NA;NA;60420260303687600;##########;46400;12600;7703986658414380;23998000000000000
Pandora;FALSO;141720;0;0;42;0;0;0;0;33;0;0;0;103x80x64;629;0;??/10/1980;140000000000000000;NA;Secondary;Saturn;NA;NA;NA;##########;##########;22500000;73700;947000000000;926000000000000000000
Pasiphae;FALSO;23624000;0;0;409;151.4;1;22;0;18;0;0;0;NA;743.6;0;2949;300000000000000000;NA;Secondary;Jupiter;NA;NA;NA;29476803250931200;##########;668000;1580000;15791668617646900;71393000000000000
Pasithee;FALSO;23090000;0;0;267;165.1;1;8.1e-4;0;1;0;0;0;NA;716.3;0;37236;15000000000000;NA;Secondary;Jupiter;NA;NA;NA;30157773928107400;##########;2060;8;1543471166531780;##########
Perdita;FALSO;76417;0;0;0;0.47;1;0;0;13;0;0;0;NA;638;0;31430;18000000000000000000;NA;Secondary;Uranus;NA;NA;NA;##########;##########;3490000;9470000;511000000000;4090000000000000000000000000000000000000
Philophrosyne;FALSO;22622000;0;0;194;143.6;1;0;0;1;0;0;0;NA;668.4;0;2003;15000000000000;NA;Secondary;Jupiter;NA;NA;NA;3078167270798330;##########;2060;8;1512187298799560;##########
Phobos;FALSO;9376;9234;9518;151;1075;44805;57;11.39;33;13;44570;0;26.8 x 22.4 x 18.4;31891;7653;12/08/1877;10600000000000000;5783.61;Secondary;Mars;NA;NA;NA;##########;##########;22500000;5580;62700000000;16000000000000000000000
Phoebe;FALSO;12947913;0;0;164;174.8;2;0;0;214.4;0;0;0;230x220x210;548.2;92736;17/03/1899;8290000000000000000;NA;Secondary;Saturn;NA;NA;NA;53796808798452600;##########;94800000;43600000;865514525000522;6570000000000000000
Pluto;VERDADERO;5906440628;2147483647;2147483647;2488;17.16;2;0.62;1210;1188.3;1188.3;1195;0;NA;90465;-1532928;11007;13000000000000000000000;7150000000;Primary;NA;NA;575;31000000000;1180000000000;2125738019015940;29100000000;6840000000;##########;49492000000000000
Polydeuces;FALSO;377200;0;0;0;0;1;0;0;2;0;0;0;3x2x2;2.74;0;38281;10000000000000;NA;Secondary;Saturn;NA;NA;NA;##########;##########;8250;5;25214262625196500;9334600000000000
Portia;FALSO;66100;0;0;0;0.06;1;0;0;70;0;0;0;NA;5132;0;31415;1700000000000000000;NA;Secondary;Uranus;NA;NA;NA;##########;##########;101000000;895000;4420000000000;51700000000000000000000
Praxidike;FALSO;21148000;0;0;0.23;149;1;0;0;44654;0;0;0;NA;625.3;0;36853;430000000000000;NA;Secondary;Jupiter;NA;NA;NA;32927246075278900;##########;238000;226;1413656484617330;127693599959273.58
Prometheus;FALSO;139380;0;0;204;0;0;0;0;33;0;0;0;133x79x61;613;0;??/10/1980;160000000000000000;NA;Secondary;Saturn;NA;NA;NA;##########;##########;22500000;84200;93200000000;1090000000000000000000
Prospero;FALSO;16276800;0;0;4445;151.83;1;0;0;25;0;0;0;NA;-1977.3;0;36359;85000000000000000;NA;Secondary;Uranus;NA;NA;NA;4278279514400860;##########;12900000;44700;10880368767173900;42611000000000000
Proteus;FALSO;117646;0;0;0;0.04;1;75;0;33;0;0;0;220 x 208 x 202;112232;0;32675;50000000000000000000;NA;Secondary;Neptune;NA;NA;NA;##########;##########;22500000;263000000;786000000000;480000000000000000000000
Psamathe;FALSO;48096000;0;0;0.45;137.4;1;0;0;20;0;0;0;NA;2635469;0;37852;20000000000000000;NA;Secondary;Neptune;NA;NA;NA;14478584497671300;##########;825000;105000;3215019022326230;1148289402012121.2
Puck;FALSO;86000;0;0;0;0.32;1;0;0;81;0;0;0;NA;76183;0;31411;2900000000000000000;NA;Secondary;Uranus;NA;NA;NA;##########;##########;135000000;1530000;575000000000;52100000000000000000000
Remus;FALSO;706;0;0;0;0;1;0;0;33;0;0;0;39x37x25;2.74;0;38573;24000000000000000;NA;Secondary;87 Sylvia;NA;NA;NA;##########;##########;22500000;12600;4720000000;6400000000000000000000000
Rhea;FALSO;527068;526543;527597;1;0.35;1;0;0;1528.6;0;0;0;NA;4518;108432;23/12/1672;2300000000000000000000;NA;Secondary;Saturn;NA;NA;NA;##########;##########;4820000000;12100000000;3523231965359780;1100000000000000000000000
Romulus;FALSO;1356;0;0;0;0;1;0;0;33;0;0;0;39x37x25;2.74;0;36940;24000000000000000;NA;Secondary;87 Sylvia;NA;NA;NA;##########;##########;22500000;12600;9060000000;1730000000000000000000000
Rosalind;FALSO;69900;0;0;0;0.28;1;0;0;36;0;0;0;NA;55846;0;31425;25000000000000000;NA;Secondary;Uranus;NA;NA;NA;##########;##########;26700000;132000;467000000000;680000000000000000000
S/2003 J 10;FALSO;23042000;0;0;214;164.1;1;0;0;1;0;0;0;NA;767;0;2003;15000000000000;NA;Secondary;Jupiter;NA;NA;NA;30220597170384500;##########;2060;8;15402625647130900;##########
S/2003 J 12;FALSO;17835000;0;0;376;145.8;1;0;0;0.5;0;0;0;NA;533.3;0;2003;1000000000000;NA;Secondary;Jupiter;NA;NA;NA;3904359405663020;##########;516;1;11921961132565700;##########
S/2003 J 16;FALSO;20948000;0;0;0.23;148.5;1;0;0;1;0;0;0;NA;595.4;0;2003;15000000000000;NA;Secondary;Jupiter;NA;NA;NA;3324150276876070;##########;2060;8;14002873103727900;##########
S/2003 J 18;FALSO;20494000;0;0;105;146.4;1;0;0;1;0;0;0;NA;606.3;0;2003;15000000000000;NA;Secondary;Jupiter;NA;NA;NA;33977895969552000;##########;2060;8;13699392848376900;##########
S/2003 J 19;FALSO;23532000;0;0;334;162.9;1;0;0;1;0;0;0;NA;701.3;0;2003;15000000000000;NA;Secondary;Jupiter;NA;NA;NA;2959132245453;##########;2060;8;15730170416122100;##########
S/2003 J 2;FALSO;28332000;0;0;0.38;151.8;1;0;0;1;0;0;0;NA;982.5;0;2003;15000000000000;NA;Secondary;Jupiter;NA;NA;NA;24577968374982300;##########;2060;8;1893877223481090;##########
S/2003 J 23;FALSO;23549000;0;0;309;149.2;1;0;0;1;0;0;0;NA;759.7;0;2003;15000000000000;NA;Secondary;Jupiter;NA;NA;NA;2956996050787710;##########;2060;8;15741534214229900;##########
S/2003 J 4;FALSO;23928000;0;0;204;144.9;1;0;0;1;0;0;0;NA;723.2;0;2003;15000000000000;NA;Secondary;Jupiter;NA;NA;NA;2910159645603470;##########;2060;8;15994880066163900;##########
S/2003 J 9;FALSO;23385000;0;0;269;164.5;1;0;0;0.5;0;0;0;NA;683;0;2003;1500000000000;NA;Secondary;Jupiter;NA;NA;NA;29777314517853300;##########;516;1;15631906985424700;##########
S/2004 S 12;FALSO;19867500;0;0;401;164;1;0;0;3;0;0;0;NA;1048;0;38333;90000000000000;NA;Secondary;Saturn;NA;NA;NA;3504945262363150;##########;186000;474;13280603465166800;30282752339572.43
S/2004 S 13;FALSO;18408700;0;0;273;167.4;1;0;0;3;0;0;0;NA;906;0;38333;150000000000000;NA;Secondary;Saturn;NA;NA;NA;3782695138711580;##########;186000;79;12305455895770300;##########
S/2004 S 17;FALSO;19449900;0;0;259;166.6;1;0;0;2;0;0;0;NA;986;0;38334;50000000000000;NA;Secondary;Saturn;NA;NA;NA;35801932143609900;##########;8250;26;13001455106940900;17553937086431.43
S/2004 S 3;FALSO;141000;0;0;0.02;0;1;0;0;2;0;0;0;NA;0.62;0;38159;24000000000000000;NA;Secondary;Saturn;NA;NA;NA;##########;##########;8250;12600;943000000000;160000000000000000000
S/2004 S 4;FALSO;140100;0;0;0;0;1;0;0;2;0;0;0;NA;0.61;0;38239;24000000000000000;NA;Secondary;Saturn;NA;NA;NA;##########;##########;8250;12600;937000000000;162000000000000000000
S/2004 S 6;FALSO;140000;0;0;2;0.02;1;0;0;44683;0;0;0;NA;0.61;0;38288;24000000000000000;NA;Secondary;Saturn;NA;NA;NA;##########;##########;129000;12600;936000000000;163000000000000000000
S/2004 S 7;FALSO;21005800;0;0;0.58;165.1;1;0;0;3;0;0;0;NA;1103;0;38333;150000000000000;NA;Secondary;Saturn;NA;NA;NA;3315012996410510;##########;186000;79;14041510017294600;##########
S/2006 S 1;FALSO;18797400;0;0;0.13;154.2;1;0;0;3;0;0;0;NA;970;0;38721;100000000000000;NA;Secondary;Saturn;NA;NA;NA;3704475086980110;##########;186000;53;12565285797212800;37587523489714.5
S/2006 S 3;FALSO;22100100;0;0;471;150.8;1;0;0;3;0;0;0;NA;1142;0;38722;150000000000000;NA;Secondary;Saturn;NA;NA;NA;31508680956194700;##########;186000;79;14773004386084400;40788906272652.87
S/2007 S 2;FALSO;16723300;0;0;218;176.7;1;0;0;3;0;0;0;NA;800;0;39203;150000000000000;NA;Secondary;Saturn;NA;NA;NA;4163920996454040;##########;186000;79;1117883558218310;71233876083027.98
S/2007 S 3;FALSO;18981900;0;0;0.13;177.2;1;0;0;3;0;0;0;NA;1100;0;39203;150000000000000;NA;Secondary;Saturn;NA;NA;NA;3668468383038570;##########;186000;79;1268861642961870;55290583794420.07
S/2009 S 1;FALSO;117000;0;0;0;0;1;0;0;0.3;0;0;0;NA;4715;0;40020;100000000000;NA;Secondary;Saturn;NA;NA;NA;##########;##########;19;1;782000000000;970214040470450.6
S/2010 J 1;FALSO;23314335;0;0;0.32;163.2;1;0;0;1;0;0;0;NA;723.2;0;40428;24000000000000000;NA;Secondary;Jupiter;NA;NA;NA;2986759004706760;##########;2060;12600;1558467035052520;5864100000000000
S/2010 J 2;FALSO;20320000;0;0;307;150.4;1;0;0;0.5;0;0;0;NA;588.1;0;40429;24000000000000000;NA;Secondary;Jupiter;NA;NA;NA;3426882381889760;##########;516;12600;13583081032449400;7719700000000000
S/2011 J 1;FALSO;20155290;0;0;296;162.8;1;0;0;0.5;0;0;0;NA;580.7;0;40937;24000000000000000;NA;Secondary;Jupiter;NA;NA;NA;34548870296582100;##########;516;12600;13472979197958500;7846400000000000
S/2011 J 2;FALSO;23329710;0;0;332;148.8;1;0;0;0.5;0;0;0;NA;726.8;0;40937;24000000000000000;NA;Secondary;Jupiter;NA;NA;NA;298478849501344;##########;516;12600;1559494790322570;5856400000000000
S/2015 (136472) 1;FALSO;21100;0;0;0;0;1;0;0;33;0;0;0;39x37x25;2.74;0;42486;24000000000000000;NA;Secondary;136472 Makemake;NA;NA;NA;##########;##########;22500000;12600;141000000000;7160000000000000000000
S/2016 J 1;FALSO;20651000;0;0;141;139.8;1;0;0;0.5;0;0;0;NA;602.7;0;42892;24000000000000000;NA;Secondary;Jupiter;NA;NA;NA;33719553532516500;##########;516;12600;13804340866196500;7474300000000000
S/2017 J 1;FALSO;23587000;0;0;397;149.2;1;0;0;2;0;0;0;NA;734.2;0;42892;24000000000000000;NA;Secondary;Jupiter;NA;NA;NA;2952236401407550;##########;8250;12600;15766935645294500;5729300000000000
S/2017 J 2;FALSO;23303000;0;0;236;166.4;1;0;0;1;0;0;0;NA;723;0;43298;24000000000000000;NA;Secondary;Jupiter;NA;NA;NA;298821181822083;##########;2060;12600;1557709337102210;5869800000000000
S/2017 J 3;FALSO;20694000;0;0;148;147.9;1;0;0;1;0;0;0;NA;606;0;43298;24000000000000000;NA;Secondary;Jupiter;NA;NA;NA;3364951193582680;##########;2060;12600;13833084590822300;7443200000000000
S/2017 J 5;FALSO;23232000;0;0;284;164.3;1;0;0;1;0;0;0;NA;719;0;43298;24000000000000000;NA;Secondary;Jupiter;NA;NA;NA;29973441804407700;##########;2060;12600;15529632802454000;5905800000000000
S/2017 J 6;FALSO;22455000;0;0;557;155.2;1;0;0;1;0;0;0;NA;683;0;43298;24000000000000000;NA;Secondary;Jupiter;NA;NA;NA;31010598975729200;##########;2060;12600;15010240383053700;6321600000000000
S/2017 J 7;FALSO;20627000;0;0;215;143.4;1;0;0;1;0;0;0;NA;603;0;43298;24000000000000000;NA;Secondary;Jupiter;NA;NA;NA;3375881126678620;##########;2060;12600;13788297857103100;7491700000000000
S/2017 J 8;FALSO;23233000;0;0;312;164.7;1;0;0;0.5;0;0;0;NA;720;0;43298;24000000000000000;NA;Secondary;Jupiter;NA;NA;NA;29972130159686600;##########;516;12600;1553030126116620;5905300000000000
S/2017 J 9;FALSO;21487000;0;0;229;152.7;1;0;0;44682;0;0;0;NA;639;0;43298;24000000000000000;NA;Secondary;Jupiter;NA;NA;NA;324076650998278;##########;46400;12600;1436317234961820;6904000000000000
Sao;FALSO;22228000;0;0;293;48.5;1;0.01;0;20;0;0;0;NA;370358;0;37482;100000000000000000;NA;Secondary;Neptune;NA;NA;NA;3132814468238250;##########;825000;52600;148585002553783;26881000000000000
Saturn;VERDADERO;1426666422;1349823615;1503509229;565;2485;6871;10.44;36090;58232;60268;54364;9796;NA;10759.22;10656;NA;568000000000000000000000000;827000000000000;Primary;NA;342;499;##########;529000000000;952032780091603;6993236758857440;29894736842105200;##########;37100000000000000000000
Setebos;FALSO;17420400;0;0;5908;158.24;1;0;0;24;0;0;0;NA;-2234.8;0;36359;75000000000000000;NA;Secondary;Uranus;NA;NA;NA;3997416821657360;##########;11900000;395000;11644818150476500;32823000000000000
Shoemaker-Levy 9;FALSO;0;0;0;0;0;1;0;0;33;0;0;0;39x37x25;2.74;0;34052;24000000000000000;NA;Primary;NA;NA;NA;NA;Inf;Inf;22500000;12600;0;Inf
Siarnaq;FALSO;18015400;0;0;295;45.6;1;0;0;16;0;0;0;NA;895.6;0;36792;43500000000000000;NA;Secondary;Saturn;NA;NA;NA;3865348535142150;##########;52800;229000;12042551084251400;17801000000000000
Sinope;FALSO;23939000;0;0;0.25;158.1;1;14;0;14;0;0;0;NA;758.9;0;5316;80000000000000000;NA;Secondary;Jupiter;NA;NA;NA;2908876728351220;##########;404000;42100;16002233111998400;18540000000000000
Skathi;FALSO;15614300;0;0;0.27;148.5;1;0;0;3;0;0;0;NA;728.2;0;36792;350000000000000;NA;Secondary;Saturn;NA;NA;NA;4459661976521520;##########;186000;1840;10437514870323600;190661183506169.72
Skoll;FALSO;17663300;0;0;464;161.2;1;0;0;3;0;0;0;NA;878.3;0;38333;150000000000000;NA;Secondary;Saturn;NA;NA;NA;39423267452854200;##########;186000;79;11807186771676400;63853814660109.45
Sponde;FALSO;23790000;0;0;312;151;1;0;0;1;0;0;0;NA;748.3;0;37244;15000000000000;NA;Secondary;Jupiter;NA;NA;NA;29270407734342100;##########;2060;8;15902632763876600;##########
Stephano;FALSO;8007400;0;0;2248;143.82;1;0;0;16;0;0;0;NA;-676.5;0;36359;22000000000000000;NA;Secondary;Uranus;NA;NA;NA;8696430801508600;##########;52800;116000;5352616292285230;45570000000000000
Styx;FALSO;45000;0;0;0;0;1;0;0;33;0;0;0;39x37x25;2.74;0;41101;24000000000000000;NA;Secondary;Pluto;NA;NA;NA;15475;323362;22500000;12600;301000000000;1570000000000000000000
Sun;FALSO;0;0;0;0;0;1408;274;617000;696342;0;0;0;39x37x25;2.74;601;NA;1990000000000000000000000000000;1410000000000000000;Primary;NA;NA;NA;NA;Inf;Inf;1;##########;0;Inf
Surtur;FALSO;22920400;0;0;451;177.5;1;0;0;3;0;0;0;NA;1297.7;0;38333;150000000000000;NA;Secondary;Saturn;NA;NA;NA;30381014292944200;##########;186000;79;1532134106772410;##########
Suttungr;FALSO;19476700;0;0;114;175.8;1;0;0;3;0;0;0;NA;1016.7;0;36792;230000000000000;NA;Secondary;Saturn;NA;NA;NA;3575271991661830;##########;186000;1210;13019369800428500;80526044180309.06
Sycorax;FALSO;12179400;0;0;5219;159.42;1;0;0;75;0;0;0;NA;-1283.4;0;35679;2300000000000000000;NA;Secondary;Uranus;NA;NA;NA;5717991034041080;##########;116000000;12100000;8141426039695630;2059300000000000000
Tarqeq;FALSO;17909900;0;0;0.16;46.1;1;0;0;3;0;0;0;NA;887.5;0;38722;230000000000000;NA;Secondary;Saturn;NA;NA;NA;3888045159381120;##########;186000;1210;11972028690111500;95231536796871.3
Tarvos;FALSO;18263200;0;0;531;33.8;1;0;0;7;0;0;0;NA;926.2;0;36792;2300000000000000;NA;Secondary;Saturn;NA;NA;NA;3812853169214590;##########;1010000;12100;12208195153141300;915826834475457.4
Taygete;FALSO;23363000;0;0;252;165.2;1;0;0;44683;0;0;0;NA;732.2;0;36853;160000000000000;NA;Secondary;Jupiter;NA;NA;NA;29805440225998300;##########;129000;84;1561720089375570;##########
Telesto;FALSO;294710;0;0;1;1158;1;0;0;33;0;0;0;30x23x14;1.89;0;29319;10000000000000000;NA;Secondary;Saturn;NA;NA;NA;##########;##########;22500000;52600;19700146708037300;15300000000000000000
Tethys;FALSO;294672;294589;294648;0;1.86;985;0;0;1066;0;0;0;NA;1.89;45312;21/03/1684;618000000000000000000;NA;Secondary;Saturn;NA;NA;NA;##########;##########;23400000000;3250000000;19697606564930800;945000000000000000000000
Thalassa;FALSO;50074;0;0;0;0.21;1;13;0;33;0;0;0;54 x 50 x 26;31149;0;32769;400000000000000000;NA;Secondary;Neptune;NA;NA;NA;##########;##########;22500000;2110000;335000000000;21200000000000000000000
The Little Prince;FALSO;1190;0;0;0;0;1;0;0;33;0;0;0;39x37x25;2.74;0;36465;24000000000000000;NA;Secondary;45 Eugenia;NA;NA;NA;##########;##########;22500000;12600;795000000;2250000000000000000000000
Thebe;FALSO;221900;218000;226000;18;44774;1;0.02;0;49;0;0;0;58 x 49 x 42;6745;16188;28919;800000000000000000;NA;Secondary;Jupiter;NA;NA;NA;##########;##########;49500000;4210000;14833098824313600;2160000000000000000000
Thelxinoe;FALSO;21165000;0;0;221;151.4;1;0;0;2;0;0;0;NA;628.1;0;2003;15000000000000;NA;Secondary;Jupiter;NA;NA;NA;32900732341129200;##########;8250;8;14147928644281100;##########
Themisto;FALSO;7507000;5909000;8874300;242;43.08;1;29;0;4;0;0;0;NA;130.02;0;27667;690000000000000;NA;Secondary;Jupiter;NA;NA;NA;9275955774610360;##########;33000;363;5018119552686920;1626100000000000
Thrymr;FALSO;20439600;0;0;0.47;175;1;0;0;3;0;0;0;NA;1094.3;0;36792;230000000000000;NA;Secondary;Saturn;NA;NA;NA;3406842599659480;##########;186000;1210;13663028694431800;73117667691422.89
Thyone;FALSO;21192000;0;0;229;148.5;1;15;0;2;0;0;0;NA;627.3;0;37236;90000000000000;NA;Secondary;Jupiter;NA;NA;NA;3285881464703660;##########;8250;474;1416597702951120;26615700298452.33
Titan;FALSO;1221865;1186680;1257060;292;0.33;2;0;0;2575;0;0;0;NA;15.95;382.8;25/03/1655;135000000000000000000000;NA;Secondary;Saturn;NA;NA;NA;5720083642628270;##########;13700000000;71100000000;8167663044150530;12000000000000000000000000
Titania;FALSO;436300;435800;436800;11;0.08;2;0;0;788.9;0;0;0;NA;##########;2089408;11/01/1787;3420000000000000000000;NA;Secondary;Uranus;NA;NA;NA;##########;##########;12800000000;1.8e-6;2916485361445720;2390000000000000000000000
Trinculo;FALSO;8505200;0;0;2194;166.93;1;0;0;9;0;0;0;NA;-758.1;0;37116;3900000000000000;NA;Secondary;Uranus;NA;NA;NA;8187355970465120;##########;1670000;20500;5685375039231750;7160400000000000
Triton;FALSO;354759;354753;354765;0;157345;44683;0.78;0;1353.4;0;0;0;NA;587685;1410444;10/10/1846;214000000000000000000000000000000000000;NA;Secondary;Neptune;NA;NA;NA;##########;##########;378000000;113000000000;2371417442908830;22600000000000000000000000
Ultima Thule;FALSO;6633400000;0;0;0;0;1;0;0;33;0;0;0;39x37x25;2.74;0;41816;24000000000000000;NA;Primary;NA;NA;NA;NA;105000000000;1889641812645090;22500000;12600;##########;##########
Umbriel;FALSO;266000;265100;267500;39;0.13;1;0;0;584.7;0;0;0;NA;414418;99499;24/10/1851;1220000000000000000000;NA;Secondary;Uranus;NA;NA;NA;##########;##########;705000000;642000000;17781001745234000;2290000000000000000000000
Uranus;VERDADERO;2870658186;2147483647;2147483647;457;772;1;8.87;21380;25362;25559;24973;2293;NA;30685.4;-17.24;13/03/1781;86800000000000000000000000;68300000000000;Primary;NA;0.3;488;296744357103154;2510000000000;4525328742848800;13265444757661600;45684210526315700;##########;1400000000000000000000
Valetudo;FALSO;18980000;0;0;222;34;1;0;0;0.5;0;0;0;NA;533;0;43298;24000000000000000;NA;Secondary;Jupiter;NA;NA;NA;3668822444678600;##########;516;12600;1268734635806550;8848300000000000
Vanth;FALSO;8980;0;0;0;0;1;0;0;33;0;0;0;39x37x25;2.74;0;38669;24000000000000000;NA;Secondary;90482 Orcus;NA;NA;NA;##########;##########;22500000;12600;600000000000;39500000000000000000000
Venus;VERDADERO;108208475;107477000;108939000;67;3.39;5243;8.87;10360;1516336;1516336;1516336;0;NA;224701;-5832.5;NA;4870000000000000000000000;928000000000;Primary;NA;0.76;689;8570344549147350;6491116338161120;##########;75500000000;2563157894736840;7233289785053070;55200000000000000000000
Weywot;FALSO;10000;0;0;0;0;1;0;0;33;0;0;0;39x37x25;2.74;0;39135;24000000000000000;NA;Secondary;50000 Quaoar;NA;NA;NA;696375;12534.75;22500000;12600;66800000000;31900000000000000000000
Ymir;FALSO;23140400;0;0;187;167.9;1;0;0;9;0;0;0;NA;1315.4;0;36745;3970000000000000;NA;Secondary;Saturn;NA;NA;NA;30092435740090900;##########;1670000;2090;15468401984414000;984664004048878.4
